handler,modName,itemName,nbtInfo,modId,modRequired,excludedModId,yShift,handlerHeight,handlerWidth,maxRecipesPerPage,imageResource,imageX,imageY,imageWidth,imageHeight,itemNotes
codechicken.nei.recipe.BrewingRecipeHandler,minecraft,minecraft:brewing_stand,,minecraft,FALSE,,,65,166,5,,,,,,
codechicken.nei.recipe.FireworkRecipeHandler,minecraft,minecraft:fireworks,,minecraft,FALSE,,,65,166,5,,,,,,
codechicken.nei.recipe.FurnaceRecipeHandler,minecraft,minecraft:furnace,,minecraft,FALSE,,,65,166,5,,,,,,
codechicken.nei.recipe.ShapedRecipeHandler,minecraft,minecraft:crafting_table,,minecraft,FALSE,,,65,166,5,,,,,,
codechicken.nei.recipe.ShapelessRecipeHandler,minecraft,minecraft:crafting_table,,minecraft,FALSE,,,65,166,5,,,,,,
codechicken.nei.recipe.FuelRecipeHandler,minecraft,,,minecraft,FALSE,,,65,166,5,nei:textures/nei_tabbed_sprites.png,80,0,14,14,
advsolar.client.nei.MTRecipeHandler,AdvancedSolarPanel,AdvancedSolarPanel:BlockMolecularTransformer,,AdvancedSolarPanel,TRUE,,,68,,5,,,,,,
appeng.integration.modules.NEIHelpers.NEIAEShapedRecipeHandler,AppliedEnergistics2,appliedenergistics2:item.ItemMultiPart:380,,appliedenergistics2,TRUE,,,65,,5,,,,,,
appeng.integration.modules.NEIHelpers.NEIAEShapelessRecipeHandler,AppliedEnergistics2,appliedenergistics2:item.ItemMultiPart:380,,appliedenergistics2,TRUE,,,65,,5,,,,,,
appeng.integration.modules.NEIHelpers.NEIFacadeRecipeHandler,AppliedEnergistics2,appliedenergistics2:item.ItemFacade:192,,appliedenergistics2,TRUE,,,65,,5,,,,,,
appeng.integration.modules.NEIHelpers.NEIGrinderRecipeHandler,AppliedEnergistics2,appliedenergistics2:item.ItemMultiMaterial:8,,appliedenergistics2,TRUE,,,,,,,,,,,
appeng.integration.modules.NEIHelpers.NEIInscriberRecipeHandler,AppliedEnergistics2,appliedenergistics2:tile.BlockInscriber,,appliedenergistics2,TRUE,,,70,,5,,,,,,
appeng.integration.modules.NEIHelpers.NEIWorldCraftingHandler,AppliedEnergistics2,appliedenergistics2:item.ItemMultiMaterial:9,,appliedenergistics2,TRUE,,,85,,5,,,,,,There's only some explanatory text for fluix crystals and QEDs
aroma1997.core.recipes.nei.ShapedAromicRecipeHandler,AromaBackup,minecraft:crafting_table,,AromaBackup,TRUE,,,65,,5,,,,,,
aroma1997.core.recipes.nei.ShapelessAromicRecipeHandler,AromaBackup,minecraft:crafting_table,,AromaBackup,TRUE,,,,,,,,,,,
fox.spiteful.avaritia.compat.nei.CompressionHandler,Avaritia,Avaritia:Neutronium_Compressor,,Avaritia,TRUE,,,50,,6,,,,,,
fox.spiteful.avaritia.compat.nei.ExtremeShapedRecipeHandler,Avaritia,Avaritia:Dire_Crafting,,Avaritia,TRUE,,,208,256,1,,,,,,Part of it even goes off the left side (included)
fox.spiteful.avaritia.compat.nei.ExtremeShapelessRecipeHandler,Avaritia,Avaritia:Dire_Crafting,,Avaritia,TRUE,,,208,256,1,,,,,,"If you can cut off/place over the jaggedness at the bottom, you could barely get a second one"
WayofTime.alchemicalWizardry.client.nei.NEIAlchemyRecipeHandler,BloodMagic,AWWayofTime:blockWritingTable,,AWWayofTime,TRUE,,,68,,5,,,,,,
WayofTime.alchemicalWizardry.client.nei.NEIAltarRecipeHandler,BloodMagic,AWWayofTime:Altar,,AWWayofTime,TRUE,,,65,,5,,,,,,Handler name needs shifting left
WayofTime.alchemicalWizardry.client.nei.NEIBindingRitualHandler,BloodMagic,AWWayofTime:sacrificialKnife,,AWWayofTime,TRUE,,,50,,6,,,,,,
WayofTime.alchemicalWizardry.client.nei.NEIBloodOrbShapedHandler,BloodMagic,AWWayofTime:AlchemicalWizardrybloodRune:3,,AWWayofTime,TRUE,,,65,,5,,,,,,
WayofTime.alchemicalWizardry.client.nei.NEIBloodOrbShapelessHandler,BloodMagic,AWWayofTime:AlchemicalWizardrybloodRune:4,,AWWayofTime,TRUE,,,65,,5,,,,,,
bw.fuels.acidgens,BartWorks,gregtech:gt.blockmachines:12726,,bartworks,TRUE,,,145,,2,,,,,,
bw.recipe.cal,BartWorks,gregtech:gt.blockmachines:12735,,bartworks,TRUE,,,135,,2,,,,,,
com.github.bartimaeusnek.bartworks.neiHandler.BW_NEI_BioLabHandler,BartWorks,gregtech:gt.blockmachines:12699,,bartworks,TRUE,,,145,,2,,,,,,
com.github.bartimaeusnek.bartworks.neiHandler.BW_NEI_BioVatHandler,BartWorks,gregtech:gt.blockmachines:12712,,bartworks,TRUE,,,140,,2,,,,,,
com.github.bartimaeusnek.bartworks.neiHandler.BW_NEI_OreHandler,BartWorks,bartworks:bw.blockores.01:89,,bartworks,TRUE,,,135,,2,,,,,,
gt.recipe.electricimplosioncompressor,BartWorks,gregtech:gt.blockmachines:12734 Electric implosion compressor,,bartworks,TRUE,,,135,,2,,,,,,
net.bdew.neiaddons.botany.flowers.FlowerBreedingHandler,Botany,Botany:flower,,Botany,TRUE,,,65,,5,,,,,,
buildcraft.compat.nei.RecipeHandlerRefinery,BuildCraft,BuildCraft|Factory:refineryBlock,,BuildCraft|Factory,TRUE,,,60,,5,,,,,,There's only 2 recipes though
buildcraft.compat.nei.RecipeHandlerAssemblyTable,BuildCraft,BuildCraft|Silicon:laserTableBlock,,BuildCraft|Silicon,TRUE,,,100,,3,,,,,,
buildcraft.compat.nei.RecipeHandlerIntegrationTable,BuildCraft,BuildCraft|Silicon:laserTableBlock:2,,BuildCraft|Silicon,TRUE,,,85,,4,,,,,,
team.chisel.compat.nei.RecipeHandlerChisel,Chisel,chisel:chisel,,chisel,TRUE,,,135,,2,,,,,,
crazypants.enderio.nei.AlloySmelterRecipeHandler,EnderIO,EnderIO:blockAlloySmelter,,EnderIO,TRUE,,,65,,5,,,,,,
crazypants.enderio.nei.EnchanterRecipeHandler,EnderIO,EnderIO:blockEnchanter,,EnderIO,TRUE,,,65,,5,,,,,,
crazypants.enderio.nei.SagMillRecipeHandler,EnderIO,EnderIO:blockSagMill,,EnderIO,TRUE,,,68,,5,,,,,,
crazypants.enderio.nei.SliceAndSpliceRecipeHandler,EnderIO,EnderIO:blockSliceAndSplice,,EnderIO,TRUE,,,65,,5,,,,,,
crazypants.enderio.nei.SoulBinderRecipeHandler,EnderIO,EnderIO:blockSoulBinder,,EnderIO,TRUE,,,68,,5,,,,,,
crazypants.enderio.nei.VatRecipeHandler,EnderIO,EnderIO:blockVat,,EnderIO,TRUE,,,65,,5,,,,,,
extracells.integration.nei.UniversalTerminalRecipe,ExtraCells,extracells:part.base:9,,extracells,TRUE,,,65,,5,,,,,,
com.rwtema.extrautils.nei.EnderConstructorHandler,ExtraUtilities,ExtraUtilities:endConstructor,,ExtraUtilities,TRUE,,,68,,5,,,,,,
com.rwtema.extrautils.nei.FMPMicroBlocksHandler,ExtraUtilities,ForgeMicroblock:sawIron,,ExtraUtilities,TRUE,,,65,,5,,,,,,
com.rwtema.extrautils.nei.InfoHandler,ExtraUtilities,ExtraUtilities:chandelier,,ExtraUtilities,TRUE,,,135,,2,,,,,,"Info on blocks, can vary wildly. EQ was this length, there might be a longer one"
com.rwtema.extrautils.nei.MicroBlocksHandler,ExtraUtilities,ExtraUtilities:microblocks:1,,ExtraUtilities,TRUE,,,,,,,,,,,
com.rwtema.extrautils.nei.SoulHandler,ExtraUtilities,ExtraUtilities:mini-soul,,ExtraUtilities,TRUE,,,,,,,,,,,
hellfirepvp.beebetteratbees.client.gui.BBABGuiRecipeTreeHandler,Bees,Forestry:beeQueenGE,,Forestry,TRUE,,,140,,2,,,,,,
forestry.factory.recipes.nei.NEIHandlerBottler,Forestry,Forestry:factory,,Forestry,TRUE,,,68,,5,,,,,,
forestry.factory.recipes.nei.NEIHandlerCarpenter,Forestry,Forestry:factory:1,,Forestry,TRUE,,,65,,5,,,,,,
forestry.factory.recipes.nei.NEIHandlerCentrifuge,Forestry,Forestry:factory:2,,Forestry,TRUE,,,65,,5,,,,,,
forestry.factory.recipes.nei.NEIHandlerFabricator,Forestry,Forestry:factory2,,Forestry,TRUE,,,,,,,,,,,
forestry.factory.recipes.nei.NEIHandlerFermenter,Forestry,Forestry:factory:3,,Forestry,TRUE,,,65,,5,,,,,,
forestry.factory.recipes.nei.NEIHandlerMoistener,Forestry,Forestry:factory:4,,Forestry,TRUE,,,68,,5,,,,,,
forestry.factory.recipes.nei.NEIHandlerSqueezer,Forestry,Forestry:factory:5,,Forestry,TRUE,,,68,,5,,,,,,
forestry.factory.recipes.nei.NEIHandlerStill,Forestry,Forestry:factory:6,,Forestry,TRUE,,,65,,5,,,,,,
net.bdew.neiaddons.forestry.bees.BeeBreedingHandler,Forestry,Forestry:beeQueenGE,,Forestry,TRUE,,,65,,5,,,,,,
net.bdew.neiaddons.forestry.bees.BeeProduceHandler,Forestry,Forestry:beeQueenGE,,Forestry,TRUE,,,65,,5,,,,,,
net.bdew.neiaddons.forestry.butterflies.ButterflyBreedingHandler,Forestry,Forestry:butterflyGE,,Forestry,TRUE,,,,,,,,,,,
net.bdew.neiaddons.forestry.trees.TreeBreedingHandler,Forestry,Forestry:saplingGE,,Forestry,TRUE,,,65,,5,,,,,,
net.bdew.neiaddons.forestry.trees.TreeProduceHandler,Forestry,Forestry:saplingGE,,Forestry,TRUE,,,65,,5,,,,,,
galaxyspace.core.nei.rocket.RocketT1RecipeHandler,Galacticraft,GalacticraftCore:item.spaceship,,GalacticraftCore,TRUE,,,125,,2,,,,,,
micdoodle8.mods.galacticraft.core.nei.BuggyRecipeHandler,Galacticraft,GalacticraftCore:tile.rocketWorkbench,,GalacticraftCore,TRUE,,10,135,,2,,,,,,
micdoodle8.mods.galacticraft.core.nei.CircuitFabricatorRecipeHandler,Galacticraft,GalacticraftCore:tile.machine2:4,,GalacticraftCore,TRUE,,,,,,,,,,,
micdoodle8.mods.galacticraft.core.nei.ElectricIngotCompressorRecipeHandler,Galacticraft,GalacticraftCore:tile.machine2,,GalacticraftCore,TRUE,,,,,,,,,,,
micdoodle8.mods.galacticraft.core.nei.IngotCompressorRecipeHandler,Galacticraft,GalacticraftCore:tile.machine:12,,GalacticraftCore,TRUE,,,,,,,,,,,
micdoodle8.mods.galacticraft.core.nei.RefineryRecipeHandler,Galacticraft,GalacticraftCore:tile.refinery,,GalacticraftCore,TRUE,,,,,,,,,,,
micdoodle8.mods.galacticraft.planets.asteroids.nei.AstroMinerRecipeHandler,Galacticraft,GalacticraftCore:tile.rocketWorkbench,,GalacticraftCore,TRUE,,,100,,3,,,,,,
micdoodle8.mods.galacticraft.planets.mars.nei.CargoRocketRecipeHandler,Galacticraft,GalacticraftCore:tile.rocketWorkbench,,GalacticraftCore,TRUE,,10,125,,2,,,,,,
micdoodle8.mods.galacticraft.planets.mars.nei.GasLiquefierRecipeHandler,Galacticraft,GalacticraftMars:tile.marsMachineT2,,GalacticraftCore,TRUE,,,,,,,,,,,
micdoodle8.mods.galacticraft.planets.mars.nei.MethaneSynthesizerRecipeHandler,Galacticraft,GalacticraftMars:tile.marsMachineT2:4,,GalacticraftCore,TRUE,,,,,,,,,,,
galaxyspace.core.nei.rocket.RocketT2RecipeHandler,Galacticraft,GalacticraftMars:item.spaceshipTier2:1,,GalacticraftMars,TRUE,,5,145,,2,,,,,,
galaxyspace.core.nei.rocket.RocketT3RecipeHandler,Galacticraft,GalacticraftMars:item.itemTier3Rocket,,GalacticraftMars,TRUE,,5,145,,2,,,,,,
galaxyspace.core.nei.AssemblyMachineRecipeHandler,GalaxySpace,GalaxySpace:assemblymachine,,GalaxySpace,TRUE,,,,,,,,,,,
galaxyspace.core.nei.rocket.RocketT4RecipeHandler,GalaxySpace,GalaxySpace:item.Tier4Rocket,,GalaxySpace,TRUE,,10,160,,2,,,,,,
galaxyspace.core.nei.rocket.RocketT5RecipeHandler,GalaxySpace,GalaxySpace:item.Tier5Rocket,,GalaxySpace,TRUE,,10,160,,2,,,,,,
galaxyspace.core.nei.rocket.RocketT6RecipeHandler,GalaxySpace,GalaxySpace:item.Tier6Rocket,,GalaxySpace,TRUE,,10,160,,2,,,,,,
galaxyspace.core.nei.rocket.RocketT7RecipeHandler,GalaxySpace,GalaxySpace:item.Tier7Rocket,,GalaxySpace,TRUE,,10,180,,1,,,,,,
galaxyspace.core.nei.rocket.RocketT8RecipeHandler,GalaxySpace,GalaxySpace:item.Tier8Rocket,,GalaxySpace,TRUE,,10,180,,1,,,,,,
net.bdew.gendustry.nei.ExtractorHandler,Gendustry,gendustry:Extractor,,gendustry,TRUE,,,68,,5,,,,,,
net.bdew.gendustry.nei.ImprinterHandler,Gendustry,gendustry:Imprinter,,gendustry,TRUE,,,68,,5,,,,,,
net.bdew.gendustry.nei.LiquifierHandler,Gendustry,gendustry:Liquifier,,gendustry,TRUE,,,68,,5,,,,,,
net.bdew.gendustry.nei.MutagenProducerHandler,Gendustry,gendustry:MutagenProducer,,gendustry,TRUE,,,68,,5,,,,,,
net.bdew.gendustry.nei.MutatronHandler,Gendustry,gendustry:Mutatron,,gendustry,TRUE,,,65,,5,,,,,,
net.bdew.gendustry.nei.ReplicatorHandler,Gendustry,gendustry:Replicator,,gendustry,TRUE,,,68,,5,,,,,,
net.bdew.gendustry.nei.SamplerHandler,Gendustry,gendustry:Sampler,,gendustry,TRUE,,,68,,5,,,,,,
net.bdew.gendustry.nei.TemplateCraftingHandler,Gendustry,gendustry:GeneTemplate,,gendustry,TRUE,,,105,,3,,,,,,"I don't think there's any actual recipes here, just a generic one"
net.bdew.gendustry.nei.TransposerHandler,Gendustry,gendustry:Transposer,,gendustry,TRUE,,,68,,5,,,,,,
gt.recipe.alloysmelter,gregtech,gregtech:gt.blockmachines:201,,gregtech,TRUE,gregapi_post,6,135,166,2,,,,,,Amplifabricator
gt.recipe.arcfurnace,gregtech,gregtech:gt.blockmachines:651,,gregtech,TRUE,gregapi_post,6,135,166,2,,,,,,Bronze boiler
gt.recipe.assembler,gregtech,gregtech:gt.blockmachines:211,,gregtech,TRUE,gregapi_post,6,145,166,2,,,,,,Byproducts from ore processing
gt.recipe.autoclave,gregtech,gregtech:gt.blockmachines:571,,gregtech,TRUE,gregapi_post,6,135,166,2,,,,,,Disabled 'Thermal Generator'? Or compat for the IC2 geothermal?
gt.recipe.blastfurnace,gregtech,gregtech:gt.blockmachines:1000,,gregtech,TRUE,gregapi_post,6,135,166,2,,,,,,Disabled CNC machine?
gt.recipe.brewer,gregtech,gregtech:gt.blockmachines:491,,gregtech,TRUE,gregapi_post,6,135,166,2,,,,,,ECE
gt.recipe.byproductlist,gregtech,gregtech:gt.metaitem.01:2019,,gregtech,TRUE,gregapi_post,6,135,166,2,,,,,,gt.blockmachines.basicgenerator.magicenergyconverter.tier.01
gt.recipe.canner,gregtech,gregtech:gt.blockmachines:231,,gregtech,TRUE,gregapi_post,6,135,166,2,,,,,,gt.blockmachines.basicgenerator.plasmagenerator.tier.05
gt.recipe.centrifuge,gregtech,gregtech:gt.blockmachines:361,,gregtech,TRUE,gregapi_post,6,135,166,2,,,,,,gt.blockmachines.basicmachine.arcfurnace.tier.01
gt.recipe.chemicalbath,gregtech,gregtech:gt.blockmachines:541,,gregtech,TRUE,gregapi_post,6,135,166,2,,,,,,gt.blockmachines.basicmachine.assembler.tier.01
gt.recipe.chemicalreactor,gregtech,gregtech:gt.blockmachines:421,,gregtech,TRUE,gregapi_post,6,135,166,2,,,,,,gt.blockmachines.basicmachine.autoclave.tier.01
gt.recipe.circuitassembler,gregtech,gregtech:gt.blockmachines:1180,,gregtech,TRUE,gregapi_post,6,135,166,2,,,,,,gt.blockmachines.basicmachine.bender.tier.01
gt.recipe.cncmachine,gregtech,gregtech:gt.metaitem.01:23305,,gregtech,TRUE,gregapi_post,6,135,166,2,,,,,,gt.blockmachines.basicmachine.boxinator.tier.01
gt.recipe.cokeoven,gregtech,gregtech:gt.blockmachines:791,,gregtech,TRUE,gregapi_post,6,135,166,2,,,,,,gt.blockmachines.basicmachine.brewery.tier.01
gt.recipe.componentassembler,gregtech,gregtech:gt.blockmachines:211,,gregtech,TRUE,gregapi_post,6,135,166,2,,,,,,gt.blockmachines.basicmachine.canner.tier.01
gt.recipe.compressor,gregtech,gregtech:gt.blockmachines:241,,gregtech,TRUE,gregapi_post,6,135,166,2,,,,,,gt.blockmachines.basicmachine.centrifuge.tier.01
gt.recipe.craker,gregtech,gregtech:gt.blockmachines:1160,,gregtech,TRUE,gregapi_post,6,135,166,2,,,,,,gt.blockmachines.basicmachine.chemicalbath.tier.01
gt.recipe.cuttingsaw,gregtech,gregtech:gt.blockmachines:251,,gregtech,TRUE,gregapi_post,6,135,166,2,,,,,,gt.blockmachines.basicmachine.chemicalreactor.tier.01
gt.recipe.dieselgeneratorfuel,gregtech,gregtech:gt.blockmachines:1110,,gregtech,TRUE,gregapi_post,6,135,166,2,,,,,,gt.blockmachines.basicmachine.circuitassembler.tier.01
gt.recipe.distillationtower,gregtech,gregtech:gt.blockmachines:1126,,gregtech,TRUE,gregapi_post,6,135,166,2,,,,,,gt.blockmachines.basicmachine.compressor.tier.01
gt.recipe.distillery,gregtech,gregtech:gt.blockmachines:531,,gregtech,TRUE,gregapi_post,6,135,166,2,,,,,,gt.blockmachines.basicmachine.cutter.tier.01
gt.recipe.electrolyzer,gregtech,gregtech:gt.blockmachines:371,,gregtech,TRUE,gregapi_post,6,135,166,2,,,,,,gt.blockmachines.basicmachine.distillery.tier.01
gt.recipe.electromagneticseparator,gregtech,gregtech:gt.blockmachines:561,,gregtech,TRUE,gregapi_post,6,135,166,2,,,,,,gt.blockmachines.basicmachine.electrolyzer.tier.01
gt.recipe.extractor,gregtech,gregtech:gt.blockmachines:271,,gregtech,TRUE,gregapi_post,6,135,166,2,,,,,,gt.blockmachines.basicmachine.electromagneticseparator.tier.01
gt.recipe.extrahugenaquadahreactor,gregtech,gregtech:gt.blockmachines:1189,,gregtech,TRUE,gregapi_post,6,135,166,2,,,,,,gt.blockmachines.basicmachine.extractor.tier.01
gt.recipe.extremedieselgeneratorfuel,gregtech,gregtech:gt.blockmachines:2105,,gregtech,TRUE,gregapi_post,6,135,166,2,,,,,,gt.blockmachines.basicmachine.extruder.tier.01
gt.recipe.extruder,gregtech,gregtech:gt.blockmachines:281,,gregtech,TRUE,gregapi_post,6,135,166,2,,,,,,gt.blockmachines.basicmachine.fermenter.tier.01
gt.recipe.fakeAssemblylineProcess,gregtech,gregtech:gt.blockmachines:1170,,gregtech,TRUE,gregapi_post,12,135,166,2,,,,,,gt.blockmachines.basicmachine.fluidcanner.tier.01
gt.recipe.fermenter,gregtech,gregtech:gt.blockmachines:501,,gregtech,TRUE,gregapi_post,6,135,166,2,,,,,,gt.blockmachines.basicmachine.fluidextractor.tier.01
gt.recipe.fluidcanner,gregtech,gregtech:gt.blockmachines:431,,gregtech,TRUE,gregapi_post,6,135,166,2,,,,,,gt.blockmachines.basicmachine.fluidheater.tier.01
gt.recipe.fluidextractor,gregtech,gregtech:gt.blockmachines:511,,gregtech,TRUE,gregapi_post,6,135,166,2,,,,,,gt.blockmachines.basicmachine.fluidsolidifier.tier.01
gt.recipe.fluidheater,gregtech,gregtech:gt.blockmachines:621,,gregtech,TRUE,gregapi_post,6,135,166,2,,,,,,gt.blockmachines.basicmachine.hammer.tier.01
gt.recipe.fluidnaquadahreactor,gregtech,gregtech:gt.blockmachines:1192,,gregtech,TRUE,gregapi_post,6,135,166,2,,,,,,gt.blockmachines.basicmachine.laserengraver.tier.01
gt.recipe.fluidsolidifier,gregtech,gregtech:gt.blockmachines:521,,gregtech,TRUE,gregapi_post,6,135,166,2,,,,,,gt.blockmachines.basicmachine.lathe.tier.01
gt.recipe.fusionreactor,gregtech,gregtech:gt.blockmachines:1193,,gregtech,TRUE,gregapi_post,6,135,166,2,,,,,,gt.blockmachines.basicmachine.macerator.tier.01
gt.recipe.gasturbinefuel,gregtech,gregtech:gt.blockmachines:1115,,gregtech,TRUE,gregapi_post,6,135,166,2,,,,,,gt.blockmachines.basicmachine.massfab.tier.01
gt.recipe.hammer,gregtech,gregtech:gt.blockmachines:611,,gregtech,TRUE,gregapi_post,6,135,166,2,,,,,,gt.blockmachines.basicmachine.microwave.tier.01
gt.recipe.hugenaquadahreactor,gregtech,gregtech:gt.blockmachines:1188,,gregtech,TRUE,gregapi_post,6,135,166,2,,,,,,gt.blockmachines.basicmachine.mixer.tier.01
gt.recipe.implosioncompressor,gregtech,gregtech:gt.blockmachines:12734,,gregtech,TRUE,gregapi_post,6,135,166,2,,,,,,gt.blockmachines.basicmachine.orewasher.tier.01
gt.recipe.largeboilerfakefuels,gregtech,gregtech:gt.blockmachines:1020,,gregtech,TRUE,gregapi_post,6,135,166,2,,,,,,gt.blockmachines.basicmachine.plasmaarcfurnace.tier.01
gt.recipe.largechemicalreactor,gregtech,gregtech:gt.blockmachines:1169,,gregtech,TRUE,gregapi_post,6,135,166,2,,,,,,gt.blockmachines.basicmachine.polarizer.tier.01
gt.recipe.largenaquadahreactor,gregtech,gregtech:gt.blockmachines:1191,,gregtech,TRUE,gregapi_post,6,135,166,2,,,,,,gt.blockmachines.basicmachine.press.tier.01
gt.recipe.laserengraver,gregtech,gregtech:gt.blockmachines:591,,gregtech,TRUE,gregapi_post,6,135,166,2,,,,,,gt.blockmachines.basicmachine.printer.tier.01
gt.recipe.lathe,gregtech,gregtech:gt.blockmachines:291,,gregtech,TRUE,gregapi_post,6,135,166,2,,,,,,gt.blockmachines.basicmachine.recycler.tier.01
gt.recipe.macerator,gregtech,gregtech:gt.blockmachines:301,,gregtech,TRUE,gregapi_post,6,135,166,2,,,,,,gt.blockmachines.basicmachine.replicator.tier.01
gt.recipe.magicfuels,gregtech,gregtech:gt.blockmachines:1123,,gregtech,TRUE,gregapi_post,6,135,166,2,,,,,,gt.blockmachines.basicmachine.rockbreaker.tier.01
gt.recipe.massfab,gregtech,gregtech:gt.blockmachines:461,,gregtech,TRUE,gregapi_post,6,135,166,2,,,,,,gt.blockmachines.basicmachine.scanner.tier.01
gt.recipe.metalbender,gregtech,gregtech:gt.blockmachines:221,,gregtech,TRUE,gregapi_post,6,135,166,2,,,,,,gt.blockmachines.basicmachine.sifter.tier.01
gt.recipe.microwave,gregtech,gregtech:gt.blockmachines:311,,gregtech,TRUE,gregapi_post,6,135,166,2,,,,,,gt.blockmachines.basicmachine.slicer.tier.01
gt.recipe.mixer,gregtech,gregtech:gt.blockmachines:581,,gregtech,TRUE,gregapi_post,6,135,166,2,,,,,,gt.blockmachines.basicmachine.thermalcentrifuge.tier.01
gt.recipe.orewasher,gregtech,gregtech:gt.blockmachines:391,,gregtech,TRUE,gregapi_post,6,135,166,2,,,,,,gt.blockmachines.basicmachine.unboxinator.tier.01
gt.recipe.packager,gregtech,gregtech:gt.blockmachines:401,,gregtech,TRUE,gregapi_post,6,135,166,2,,,,,,gt.blockmachines.basicmachine.wiremill.tier.01
gt.recipe.plasmaarcfurnace,gregtech,gregtech:gt.blockmachines:661,,gregtech,TRUE,gregapi_post,6,135,166,2,,,,,,gt.blockmachines.electricimplosioncompressor
gt.recipe.plasmageneratorfuels,gregtech,gregtech:gt.blockmachines:1196,,gregtech,TRUE,gregapi_post,6,135,166,2,,,,,,gt.blockmachines.fusioncomputer.tier.06
gt.recipe.polarizer,gregtech,gregtech:gt.blockmachines:551,,gregtech,TRUE,gregapi_post,6,135,166,2,,,,,,gt.blockmachines.industrialcokeoven.controller.tier.single
gt.recipe.press,gregtech,gregtech:gt.blockmachines:601,,gregtech,TRUE,gregapi_post,6,135,166,2,,,,,,Needs more Yshift? Or doesn't apply properly? Added more
gt.recipe.primitiveblastfurnace,gregtech,gregtech:gt.blockmachines:140,,gregtech,TRUE,gregapi_post,6,135,166,2,,,,,,gt.blockmachines.multimachine.blastfurnace
gt.recipe.printer,gregtech,gregtech:gt.blockmachines:321,,gregtech,TRUE,gregapi_post,6,135,166,2,,,,,,gt.blockmachines.multimachine.boiler.bronze
gt.recipe.pyro,gregtech,gregtech:gt.blockmachines:1159,,gregtech,TRUE,gregapi_post,6,135,166,2,,,,,,gt.blockmachines.multimachine.brickedblastfurnace
gt.recipe.replicator,gregtech,gregtech:gt.blockmachines:481,,gregtech,TRUE,gregapi_post,6,135,166,2,,,,,,gt.blockmachines.multimachine.chemicalreactor
gt.recipe.rockbreaker,gregtech,gregtech:gt.blockmachines:441,,gregtech,TRUE,gregapi_post,6,135,166,2,,,,,,gt.blockmachines.multimachine.cracker
gt.recipe.scanner,gregtech,gregtech:gt.blockmachines:341,,gregtech,TRUE,gregapi_post,6,135,166,2,,,,,,gt.blockmachines.multimachine.distillationtower
gt.recipe.semifluidboilerfuels,gregtech,gregtech:gt.blockmachines:1020,,gregtech,TRUE,gregapi_post,6,135,166,2,,,,,,gt.blockmachines.multimachine.pyro
gt.recipe.sifter,gregtech,gregtech:gt.blockmachines:641,,gregtech,TRUE,gregapi_post,6,135,166,2,,,,,,gt.blockmachines.multimachine.vacuumfreezer
gt.recipe.slicer,gregtech,gregtech:gt.blockmachines:631,,gregtech,TRUE,gregapi_post,6,135,166,2,,,,,,GT++'s incomplete compound fabricator?
gt.recipe.smallnaquadahreactor,gregtech,gregtech:gt.blockmachines:1190,,gregtech,TRUE,gregapi_post,6,135,166,2,,,,,,LV Combustion gen
gt.recipe.thermalcentrifuge,gregtech,gregtech:gt.blockmachines:381,,gregtech,TRUE,gregapi_post,6,135,166,2,,,,,,LV gas turbine
gt.recipe.thermalgeneratorfuel,gregtech,IC2:blockGenerator:1,,gregtech,TRUE,gregapi_post,6,135,166,2,,,,,,Naq Reactor Mark I
gt.recipe.unpackager,gregtech,gregtech:gt.blockmachines:411,,gregtech,TRUE,gregapi_post,6,135,166,2,,,,,,Naq Reactor Mark II
gt.recipe.uuamplifier,gregtech,gregtech:gt.blockmachines:471,,gregtech,TRUE,gregapi_post,6,135,166,2,,,,,,Naq Reactor Mark III. Misnamed in code
gt.recipe.vacuumfreezer,gregtech,gregtech:gt.blockmachines:1002,,gregtech,TRUE,gregapi_post,6,135,166,2,,,,,,Naq Reactor Mark IV. Slightly different name for recipe map
gt.recipe.wiremill,gregtech,gregtech:gt.blockmachines:351,,gregtech,TRUE,gregapi_post,6,135,166,2,,,,,,Naq Reactor Mark V. Slightly different name for recipe map
ic.recipe.recycler,gregtech,gregtech:gt.blockmachines:331,,gregtech,TRUE,gregapi_post,6,135,166,2,,,,,,
pers.gwyog.gtneioreplugin.plugin.gregtech5.PluginGT5SmallOreStat,Gregtech,gregtech:gt.blockores:85,,gregtech,TRUE,,,145,,2,,,,,,
pers.gwyog.gtneioreplugin.plugin.gregtech5.PluginGT5VeinStat,Gregtech,gregtech:gt.blockores:386,,gregtech,TRUE,,,135,,2,,,,,,
ic2.neiIntegration.core.recipehandler.AdvRecipeHandler,IC2,IC2:blockreactorvessel,,IC2,TRUE,,,65,,5,,,,,,
ic2.neiIntegration.core.recipehandler.AdvShapelessRecipeHandler,IC2,IC2:blockreactorvessel,,IC2,TRUE,,,65,,5,,,,,,
ic2.neiIntegration.core.recipehandler.BlastFurnaceRecipeHandler,IC2,IC2:blockMachine3:1,,IC2,TRUE,,,65,,5,,,,,,
ic2.neiIntegration.core.recipehandler.BlockCutterRecipeHandler,IC2,IC2:blockMachine3:2,,IC2,TRUE,,,65,,5,,,,,,
ic2.neiIntegration.core.recipehandler.CentrifugeRecipeHandler,IC2,IC2:blockMachine2:3,,IC2,TRUE,,,65,,5,,,,,,
ic2.neiIntegration.core.recipehandler.CompressorRecipeHandler,IC2,IC2:blockMachine:5,,IC2,TRUE,,,65,,5,,,,,,
ic2.neiIntegration.core.recipehandler.ExtractorRecipeHandler,IC2,IC2:blockMachine:4,,IC2,TRUE,,,65,,5,,,,,,
ic2.neiIntegration.core.recipehandler.FluidCannerRecipeHandler,IC2,IC2:blockMachine:6,,IC2,TRUE,,,65,,5,,,,,,
ic2.neiIntegration.core.recipehandler.LatheRecipeHandler,IC2,IC2:blockMachine3:8,,IC2,TRUE,,,65,,5,,,,,,
ic2.neiIntegration.core.recipehandler.MaceratorRecipeHandler,IC2,IC2:blockMachine:3,,IC2,TRUE,,,65,,5,,,,,,
ic2.neiIntegration.core.recipehandler.MetalFormerRecipeHandlerCutting,IC2,IC2:blockMachine2:4,,IC2,TRUE,,,55,,6,,,,,,
ic2.neiIntegration.core.recipehandler.MetalFormerRecipeHandlerExtruding,IC2,IC2:blockMachine2:4,,IC2,TRUE,,,55,,6,,,,,,
ic2.neiIntegration.core.recipehandler.MetalFormerRecipeHandlerRolling,IC2,IC2:blockMachine2:4,,IC2,TRUE,,,55,,6,,,,,,
ic2.neiIntegration.core.recipehandler.OreWashingRecipeHandler,IC2,IC2:blockMachine2:5,,IC2,TRUE,,,,,,,,,,,
ic2.neiIntegration.core.recipehandler.ScrapboxRecipeHandler,IC2,IC2:itemScrapbox,,IC2,TRUE,,,50,,6,,,,,,
ic2.neiIntegration.core.recipehandler.SolidCannerRecipeHandler,IC2,IC2:blockMachine2:9,,IC2,TRUE,,,,,,,,,,,
speiger.src.crops.prediction.NEIPlugin,IC2CropsNEI,IC2:blockCrop,,Ic2Nei,TRUE,,,135,,2,,,,,,"Not actual recipes, just info"
tonius.neiintegration.mods.mcforge.RecipeHandlerFluidRegistry,Minecraft,minecraft:water,,minecraft,FALSE,,,,,,,,,,,
tonius.neiintegration.mods.mcforge.RecipeHandlerOreDictionary,Minecraft,minecraft:iron_ore,,minecraft,FALSE,,,,,,,,,,,
gt.recipe.alloyblastsmelter,GT++,gregtech:gt.blockmachines:810,,miscutils,TRUE,,6,135,166,2,,,,,,ABS
gt.recipe.rocketenginefuel,GT++,gregtech:gt.blockmachines:793,,miscutils,TRUE,,6,135,166,2,,,,,,Basic (EV) rocket fuel gen
gt.recipe.cyclotron,GT++,gregtech:gt.blockmachines:828,,miscutils,TRUE,,6,135,166,2,,,,,,Cyclotron
gt.recipe.chemicaldehydrator,GT++,gregtech:gt.blockmachines:911,,miscutils,TRUE,,6,135,166,2,,,,,,Dehydrator
gt.recipe.slowfusionreactor,GT++,gregtech:gt.blockmachines:31015,,miscutils,TRUE,,6,135,166,2,,,,,,gt.blockmachines.gtplusplus.fusion.single
gt.recipe.RTGgenerators,GT++,gregtech:gt.blockmachines:869,,miscutils,TRUE,,6,135,166,2,,,,,,GT++ version of the RTG
gt.recipe.cokeoven,GT++,gregtech:gt.blockmachines:791,,miscutils,TRUE,,6,135,166,2,,,,,,ICO
gt.recipe.semifluidgeneratorfuels,GT++,gregtech:gt.blockmachines:837,,miscutils,TRUE,,6,135,166,2,,,,,,Semifluid gen
gt.recipe.fishpond,GT++,gregtech:gt.blockmachines:829,,miscutils,TRUE,,6,135,166,2,,,,,,Zhuhai
gt.recipe.advanced.mixer,GT++,gregtech:gt.blockmachines:811,,miscutils,TRUE,,6,135,166,2,,,,,,
gt.recipe.cryogenicfreezer,GT++,gregtech:gt.blockmachines:910,,miscutils,TRUE,,6,135,166,2,,,,,,
gt.recipe.fissionfuel,GT++,gregtech:gt.blockmachines:835,,miscutils,TRUE,,6,135,166,2,,,,,,
gt.recipe.geothermalfuel,GT++,gregtech:gt.blockmachines:830,,miscutils,TRUE,,6,135,166,2,,,,,,
gt.recipe.lftr,GT++,gregtech:gt.blockmachines:751,,miscutils,TRUE,,6,135,166,2,,,,,,
gt.recipe.lftr.2,GT++,gregtech:gt.blockmachines:751,,miscutils,TRUE,,6,135,166,2,,,,,,
gt.recipe.matterfab2,GT++,gregtech:gt.blockmachines:799,,miscutils,TRUE,,6,135,166,2,,,,,,
gt.recipe.multicentrifuge,GT++,gregtech:gt.blockmachines:790,,miscutils,TRUE,,6,135,166,2,,,,,,
gt.recipe.multielectro,GT++,gregtech:gt.blockmachines:796,,miscutils,TRUE,,6,135,166,2,,,,,,
gt.recipe.simplewasher,GT++,gregtech:gt.blockmachines:767,,miscutils,TRUE,,6,135,166,2,,,,,,
gt.recipe.vacfurnace,GT++,gregtech:gt.blockmachines:995,,miscutils,TRUE,,6,135,166,2,,,,,,
gtPlusPlus.nei.DecayableRecipeHandler,GT++,miscutils:dustRadium226,,miscutils,TRUE,,,75,,4,,,,,,
gtPlusPlus.nei.GT_NEI_FlotationCell,GT++,gregtech:gt.blockmachines:31028,,miscutils,TRUE,,,120,,2,,,,,,
gtPlusPlus.nei.GT_NEI_FluidReactor,GT++,gregtech:gt.blockmachines:998,,miscutils,TRUE,,,120,,2,,,,,,
gtPlusPlus.nei.GT_NEI_MillingMachine,GT++,gregtech:gt.blockmachines:31027,,miscutils,TRUE,,,120,,2,,,,,,
li.cil.oc.integration.nei.CallbackDocHandler,OpenComputers,OpenComputers:item:98,,OpenComputers,TRUE,,,,,,,,,,,
li.cil.oc.integration.nei.ManualUsageHandler,OpenComputers,OpenComputers:item:98,,OpenComputers,TRUE,,,,,,,,,,,
tonius.neiintegration.mods.harvestcraft.RecipeHandlerApiary,Pam's Harvestcraft,harvestcraft:apiary,,harvestcraft,TRUE,,,70,,5,,,,,,There's only 1 though
tonius.neiintegration.mods.harvestcraft.RecipeHandlerChurn,Pam's Harvestcraft,harvestcraft:churn,,harvestcraft,TRUE,,,65,,5,,,,,,Same as above
tonius.neiintegration.mods.harvestcraft.RecipeHandlerOven,Pam's Harvestcraft,harvestcraft:oven,,harvestcraft,TRUE,,,65,,5,,,,,,
tonius.neiintegration.mods.harvestcraft.RecipeHandlerPresser,Pam's Harvestcraft,harvestcraft:presser,,harvestcraft,TRUE,,,65,,5,,,,,,
tonius.neiintegration.mods.harvestcraft.RecipeHandlerQuern,Pam's Harvestcraft,harvestcraft:quern,,harvestcraft,TRUE,,,65,,5,,,,,,
gcewing.projectblue.nei.NEIRecipeHandler,ProjectBlue,ProjectBlue:sprayCan,,ProjectBlue,TRUE,,,65,,5,,,,,,
mrtjp.projectred.core.libmc.recipe.PRShapedRecipeHandler,ProjectRed,ProjRed|Transmission:projectred.transmission.wire:7,,ProjRed|Transmission,TRUE,,,,,,,,,,,
mrtjp.projectred.core.libmc.recipe.PRShapelessRecipeHandler,ProjectRed,ProjRed|Transmission:projectred.transmission.wire:7,,ProjRed|Transmission,TRUE,,,,,,,,,,,
tonius.neiintegration.mods.railcraft.RecipeHandlerBlastFurnace,Railcraft,Railcraft:machine.alpha:12,,Railcraft,TRUE,,,,,,,,,,,
tonius.neiintegration.mods.railcraft.RecipeHandlerCokeOven,Railcraft,Railcraft:machine.alpha:7,,Railcraft,TRUE,,,65,,5,,,,,,
tonius.neiintegration.mods.railcraft.RecipeHandlerRockCrusher,Railcraft,Railcraft:machine.alpha:15,,Railcraft,TRUE,,,,,,,,,,,
tonius.neiintegration.mods.railcraft.RecipeHandlerRollingMachineShaped,Railcraft,Railcraft:machine.alpha:8,,Railcraft,TRUE,,,65,,5,,,,,,
tonius.neiintegration.mods.railcraft.RecipeHandlerRollingMachineShapeless,Railcraft,Railcraft:machine.alpha:8,,Railcraft,TRUE,,,,,,,,,,,
lumien.randomthings.Handler.ModCompability.NEI.ImbuingStationRecipeHandler,RandomThings,RandomThings:imbuingStation,,RandomThings,TRUE,,,120,,2,,,,,,
com.github.technus.tectech.nei.TT_NEI_ResearchHandler,TecTech,gregtech:gt.blockmachines:15331,,tectech,TRUE,,6,140,,2,,,,,,
com.github.technus.tectech.nei.TT_NEI_ScannerHandler,TecTech,tectech:item.em.definitionScanStorage,,tectech,TRUE,,,,,,,,,,,
com.djgiannuzz.thaumcraftneiplugin.nei.recipehandler.ArcaneShapedRecipeHandler,Thaumcraft,Thaumcraft:blockTable:15,,Thaumcraft,TRUE,,,140,,2,,,,,,
com.djgiannuzz.thaumcraftneiplugin.nei.recipehandler.ArcaneShapelessRecipeHandler,Thaumcraft,Thaumcraft:blockTable:15,,Thaumcraft,TRUE,,,140,,2,,,,,,
com.djgiannuzz.thaumcraftneiplugin.nei.recipehandler.CrucibleRecipeHandler,Thaumcraft,Thaumcraft:blockMetalDevice,,Thaumcraft,TRUE,,,140,,2,,,,,,Using R on an item you get from the crucible basically never works
com.djgiannuzz.thaumcraftneiplugin.nei.recipehandler.InfusionRecipeHandler,Thaumcraft,Thaumcraft:blockStoneDevice:2,,Thaumcraft,TRUE,,,140,,2,,,,,,
ru.timeconqueror.tcneiadditions.nei.arcaneworkbench.ArcaneCraftingShapedHandler,Thaumcraft,Thaumcraft:blockTable:15,,Thaumcraft,TRUE,,,140,,2,,,,,,
ru.timeconqueror.tcneiadditions.nei.AspectCombinationHandler,Thaumcraft,Thaumcraft:ItemResearchNotes,,Thaumcraft,TRUE,,,130,,2,,,,,,In sets of 5. Each one is ~30 height
ru.timeconqueror.tcneiadditions.nei.AspectFromItemStackHandler,Thaumcraft,Thaumcraft:ItemResearchNotes,,Thaumcraft,TRUE,,,140,,2,,,,,,
tconstruct.plugins.nei.RecipeHandlerAlloying,Tinker's Construct,TConstruct:Smeltery,,TConstruct,TRUE,,,65,,5,,,,,,
tconstruct.plugins.nei.RecipeHandlerCastingBasin,Tinker's Construct,TConstruct:SearedBlock:2,,TConstruct,TRUE,,,65,,5,,,,,,
tconstruct.plugins.nei.RecipeHandlerCastingTable,Tinker's Construct,TConstruct:SearedBlock,,TConstruct,TRUE,,,65,,5,,,,,,
tconstruct.plugins.nei.RecipeHandlerDryingRack,Tinker's Construct,TConstruct:Armor.DryingRack,,TConstruct,TRUE,,,55,,5,,,,,,
tconstruct.plugins.nei.RecipeHandlerMelting,Tinker's Construct,TConstruct:LavaTank:2,,TConstruct,TRUE,,,65,,5,,,,,,
tconstruct.plugins.nei.RecipeHandlerToolMaterials,Tinker's Construct,TConstruct:ToolStationBlock,,TConstruct,TRUE,,,110,,3,,,,,,"Longer if more modifiers, I went through the whole list"
net.p455w0rd.wirelesscraftingterminal.integration.modules.NEIHelpers.NEIAEShapedRecipeHandler,WirelessCraftingTerminal,ae2wct:wirelessCraftingTerminal,,ae2wct,TRUE,,,,,,,,,,,
alkalus.main.nei.NEI_Handler_Cauldron,witchery,witchery:cauldron,,WitcheryExtras,TRUE,,,65,,5,,,,,,
alkalus.main.nei.NEI_Handler_Distillery,witchery,witchery:distilleryidle,,WitcheryExtras,TRUE,,,140,,2,,,,,,
alkalus.main.nei.NEI_Handler_Kettle,witchery,witchery:kettle,,WitcheryExtras,TRUE,,,65,,5,,,,,,
alkalus.main.nei.NEI_Handler_Oven,witchery,witchery:witchesovenidle,,WitcheryExtras,TRUE,,,,,,,,,,,Not working at all now
alkalus.main.nei.NEI_Handler_SpinningWheel,witchery,witchery:spinningwheel,,WitcheryExtras,TRUE,,,65,,5,,,,,,
com.emoniph.witchery.integration.NEICauldronRecipeHandler,witchery,witchery:cauldron,,witchery,TRUE,,,65,,5,,,,,,Replaced by WE presumably
com.emoniph.witchery.integration.NEIDistilleryRecipeHandler,witchery,witchery:distilleryidle,,witchery,TRUE,,,140,,2,,,,,,Replaced by WE presumably
com.emoniph.witchery.integration.NEIKettleRecipeHandler,witchery,witchery:kettle,,witchery,TRUE,,,65,,5,,,,,,Replaced by WE presumably
com.emoniph.witchery.integration.NEISpinningWheelRecipeHandler,witchery,witchery:spinningwheel,,witchery,TRUE,,,,,,,,,,,Replaced by WE presumably
com.emoniph.witchery.integration.NEIWitchesOvenRecipeHandler,witchery,witchery:witchesovenidle,,witchery,TRUE,,,65,,5,,,,,,Replaced by WE presumably
witchinggadgets.client.nei.NEIInfernalBlastfurnaceHandler,WitchingGadgets,WitchingGadgets:WG_StoneDevice:2,,WitchingGadgets,TRUE,,,65,,5,,,,,,
witchinggadgets.client.nei.NEISpinningWheelHandler,WitchingGadgets,WitchingGadgets:WG_WoodenDevice,,WitchingGadgets,TRUE,,,110,,3,,,,,,
gt.recipe.anvil,Gregtech 6,gregtech:gt.multitileentity:32031,,gregapi_post,TRUE,,15,145,166,2,,,,,,
gt.recipe.anvil.bend.big,Gregtech 6,gregtech:gt.multitileentity:32031,,gregapi_post,TRUE,,15,145,166,2,,,,,,
gt.recipe.anvil.bend.small,Gregtech 6,gregtech:gt.multitileentity:32031,,gregapi_post,TRUE,,15,145,166,2,,,,,,
gt.recipe.aquaticfarm,Gregtech 6,gregtech:gt.multitileentity:17131,,gregapi_post,TRUE,,15,145,166,2,,,,,,
gt.recipe.assembler,Gregtech 6,gregtech:gt.multitileentity:20621,,gregapi_post,TRUE,,15,145,166,2,,,,,,
gt.recipe.autoclave,Gregtech 6,gregtech:gt.multitileentity:22004,,gregapi_post,TRUE,,15,145,166,2,,,,,,
gt.recipe.bath,Gregtech 6,gregtech:gt.multitileentity:22002,,gregapi_post,TRUE,,15,145,166,2,,,,,,
gt.recipe.bedrockorelist,Gregtech 6,gregtech:gt.multitileentity:17999,,gregapi_post,TRUE,,15,145,166,2,,,,,,
gt.recipe.biolab,Gregtech 6,gregtech:gt.multitileentity:17127,,gregapi_post,TRUE,,15,145,166,2,,,,,,
gt.recipe.boxinator,Gregtech 6,gregtech:gt.multitileentity:20581,,gregapi_post,TRUE,,15,145,166,2,,,,,,
gt.recipe.bumblelyzer,Gregtech 6,gregtech:gt.multitileentity:20541,,gregapi_post,TRUE,,15,145,166,2,,,,,,
gt.recipe.bumblequeen,Gregtech 6,gregtech:gt.multiitem.bumblebee:1,"{""gt.bumble"": {}}",gregapi_post,TRUE,,15,145,166,2,,,,,,
gt.recipe.burnmixer,Gregtech 6,gregtech:gt.multitileentity:20521,,gregapi_post,TRUE,,15,145,166,2,,,,,,
gt.recipe.byproductlist,Gregtech 6,minecraft:diamond_ore,,gregapi_post,TRUE,,15,145,166,2,,,,,,
gt.recipe.canner,Gregtech 6,gregtech:gt.multitileentity:20161,,gregapi_post,TRUE,,15,145,166,2,,,,,,
gt.recipe.catalyticcracking,Gregtech 6,gregtech:gt.multitileentity:20481,,gregapi_post,TRUE,,15,145,166,2,,,,,,
gt.recipe.centrifuge,Gregtech 6,gregtech:gt.multitileentity:20081,,gregapi_post,TRUE,,15,145,166,2,,,,,,
gt.recipe.clustermill,Gregtech 6,gregtech:gt.multitileentity:20141,,gregapi_post,TRUE,,15,145,166,2,,,,,,
gt.recipe.coagulator,Gregtech 6,gregtech:gt.multitileentity:22000,,gregapi_post,TRUE,,15,145,166,2,,,,,,
gt.recipe.cokeoven,Gregtech 6,gregtech:gt.multitileentity:17000,,gregapi_post,TRUE,,15,145,166,2,,,,,,
gt.recipe.compressor,Gregtech 6,gregtech:gt.multitileentity:20101,,gregapi_post,TRUE,,15,145,166,2,,,,,,
gt.recipe.crackingtower,Gregtech 6,gregtech:gt.multitileentity:17115,,gregapi_post,TRUE,,15,145,166,2,,,,,,
gt.recipe.cruciblealloying,Gregtech 6,gregtech:gt.multitileentity:1005,,gregapi_post,TRUE,,15,145,166,2,,,,,,
gt.recipe.cruciblesmelting,Gregtech 6,gregtech:gt.multitileentity:1005,,gregapi_post,TRUE,,15,145,166,2,,,,,,
gt.recipe.crusher,Gregtech 6,gregtech:gt.multitileentity:20021,,gregapi_post,TRUE,,15,145,166,2,,,,,,
gt.recipe.cryodistillationtower,Gregtech 6,gregtech:gt.multitileentity:17111,,gregapi_post,TRUE,,15,145,166,2,,,,,,
gt.recipe.cryomixer,Gregtech 6,gregtech:gt.multitileentity:20571,,gregapi_post,TRUE,,15,145,166,2,,,,,,
gt.recipe.crystallisationcrucible,Gregtech 6,gregtech:gt.multitileentity:20251,,gregapi_post,TRUE,,15,145,166,2,,,,,,
gt.recipe.cutter,Gregtech 6,gregtech:gt.multitileentity:20061,,gregapi_post,TRUE,,15,145,166,2,,,,,,
gt.recipe.debarker,Gregtech 6,gregtech:gt.multitileentity:20551,,gregapi_post,TRUE,,15,145,166,2,,,,,,
gt.recipe.distillationtower,Gregtech 6,gregtech:gt.multitileentity:20191,,gregapi_post,TRUE,,15,145,166,2,,,,,,
gt.recipe.distillery,Gregtech 6,gregtech:gt.multitileentity:20191,,gregapi_post,TRUE,,15,145,166,2,,,,,,
gt.recipe.drying,Gregtech 6,gregtech:gt.multitileentity:20311,,gregapi_post,TRUE,,15,145,166,2,,,,,,
gt.recipe.electrolyzer,Gregtech 6,gregtech:gt.multitileentity:20091,,gregapi_post,TRUE,,15,145,166,2,,,,,,
gt.recipe.extruder,Gregtech 6,gregtech:gt.multitileentity:20202,,gregapi_post,TRUE,,15,145,166,2,,,,,,
gt.recipe.fermenter,Gregtech 6,gregtech:gt.multitileentity:22003,,gregapi_post,TRUE,,15,145,166,2,,,,,,
gt.recipe.fluidsolidifier,Gregtech 6,gregtech:gt.multitileentity:20611,,gregapi_post,TRUE,,15,145,166,2,,,,,,
gt.recipe.freezer,Gregtech 6,gregtech:gt.multitileentity:20561,,gregapi_post,TRUE,,15,145,166,2,,,,,,
gt.recipe.fuels.burn,Gregtech 6,gregtech:gt.multitileentity:1109,,gregapi_post,TRUE,,15,145,166,2,,,,,,
gt.recipe.fuels.engine,Gregtech 6,gregtech:gt.multitileentity:9147,,gregapi_post,TRUE,,15,145,166,2,,,,,,
gt.recipe.fuels.fluidbed,Gregtech 6,gregtech:gt.multitileentity:9009,,gregapi_post,TRUE,,15,145,166,2,,,,,,
gt.recipe.fuels.gas,Gregtech 6,gregtech:gt.multitileentity:1609,,gregapi_post,TRUE,,15,145,166,2,,,,,,
gt.recipe.fuels.plasma,Gregtech 6,gregtech:gt.multitileentity:17251,,gregapi_post,TRUE,,15,145,166,2,,,,,,
gt.recipe.fuels.turbine,Gregtech 6,gregtech:gt.multitileentity:17231,,gregapi_post,TRUE,,15,145,166,2,,,,,,
gt.recipe.fusionreactor,Gregtech 6,gregtech:gt.multitileentity:17198,,gregapi_post,TRUE,,15,145,166,2,,,,,,
gt.recipe.generifier,Gregtech 6,gregtech:gt.multitileentity:22001,,gregapi_post,TRUE,,15,145,166,2,,,,,,
gt.recipe.heatmixer,Gregtech 6,gregtech:gt.multitileentity:20506,,gregapi_post,TRUE,,15,145,166,2,,,,,,
gt.recipe.implosioncompressor,Gregtech 6,gregtech:gt.multitileentity:17110,,gregapi_post,TRUE,,15,145,166,2,,,,,,
gt.recipe.incubator,Gregtech 6,gregtech:gt.multitileentity:22005,,gregapi_post,TRUE,,15,145,166,2,,,,,,
gt.recipe.injector,Gregtech 6,gregtech:gt.multitileentity:20261,,gregapi_post,TRUE,,15,145,166,2,,,,,,
gt.recipe.ionizer,Gregtech 6,gregtech:gt.multitileentity:17315,,gregapi_post,TRUE,,15,145,166,2,,,,,,
gt.recipe.juicer,Gregtech 6,gregtech:gt.multitileentity:32722,,gregapi_post,TRUE,,15,145,166,2,,,,,,
gt.recipe.laminator,Gregtech 6,gregtech:gt.multitileentity:20391,,gregapi_post,TRUE,,15,145,166,2,,,,,,
gt.recipe.lasercutter,Gregtech 6,gregtech:gt.multitileentity:20631,,gregapi_post,TRUE,,15,145,166,2,,,,,,
gt.recipe.laserengraver,Gregtech 6,gregtech:gt.multitileentity:20321,,gregapi_post,TRUE,,15,145,166,2,,,,,,
gt.recipe.lathe,Gregtech 6,gregtech:gt.multitileentity:20041,,gregapi_post,TRUE,,15,145,166,2,,,,,,
gt.recipe.lightning,Gregtech 6,gregtech:gt.multitileentity:20501,,gregapi_post,TRUE,,15,145,166,2,,,,,,
gt.recipe.loom,Gregtech 6,gregtech:gt.multitileentity:20211,,gregapi_post,TRUE,,15,145,166,2,,,,,,
gt.recipe.magneticseparator,Gregtech 6,gregtech:gt.multitileentity:20301,,gregapi_post,TRUE,,15,145,166,2,,,,,,
gt.recipe.maskaligner,Gregtech 6,gregtech:gt.multitileentity:17122,,gregapi_post,TRUE,,15,145,166,2,,,,,,
gt.recipe.massfab,Gregtech 6,gregtech:gt.multitileentity:20411,,gregapi_post,TRUE,,15,145,166,2,,,,,,
gt.recipe.mixer,Gregtech 6,gregtech:gt.multitileentity:20181,,gregapi_post,TRUE,,15,145,166,2,,,,,,
gt.recipe.mortar,Gregtech 6,gregtech:gt.multitileentity:32735,,gregapi_post,TRUE,,15,145,166,2,,,,,,
gt.recipe.nanofab,Gregtech 6,gregtech:gt.multitileentity:20441,,gregapi_post,TRUE,,15,145,166,2,,,,,,
gt.recipe.oilcleaner,Gregtech 6,gregtech:gt.multitileentity:17116,,gregapi_post,TRUE,,15,145,166,2,,,,,,
gt.recipe.particlecollider,Gregtech 6,gregtech:gt.multitileentity:17200,,gregapi_post,TRUE,,15,145,166,2,,,,,,
gt.recipe.plantalyzer,Gregtech 6,gregtech:gt.multitileentity:20531,,gregapi_post,TRUE,,15,145,166,2,,,,,,
gt.recipe.polarizer,Gregtech 6,gregtech:gt.multitileentity:20221,,gregapi_post,TRUE,,15,145,166,2,,,,,,
gt.recipe.press,Gregtech 6,gregtech:gt.multitileentity:20231,,gregapi_post,TRUE,,15,145,166,2,,,,,,
gt.recipe.printer,Gregtech 6,gregtech:gt.multitileentity:20271,,gregapi_post,TRUE,,15,145,166,2,,,,,,
gt.recipe.replicator,Gregtech 6,gregtech:gt.multitileentity:20431,,gregapi_post,TRUE,,15,145,166,2,,,,,,
gt.recipe.roaster,Gregtech 6,gregtech:gt.multitileentity:20171,,gregapi_post,TRUE,,15,145,166,2,,,,,,
gt.recipe.rollbender,Gregtech 6,gregtech:gt.multitileentity:20121,,gregapi_post,TRUE,,15,145,166,2,,,,,,
gt.recipe.rollformer,Gregtech 6,gregtech:gt.multitileentity:20131,,gregapi_post,TRUE,,15,145,166,2,,,,,,
gt.recipe.rollingmill,Gregtech 6,gregtech:gt.multitileentity:20111,,gregapi_post,TRUE,,15,145,166,2,,,,,,
gt.recipe.scannermolecular,Gregtech 6,gregtech:gt.multitileentity:20423,,gregapi_post,TRUE,,15,145,166,2,,,,,,
gt.recipe.scannervisuals,Gregtech 6,gregtech:gt.multitileentity:20281,,gregapi_post,TRUE,,15,145,166,2,,,,,,
gt.recipe.sharpener,Gregtech 6,gregtech:gt.multitileentity:20511,,gregapi_post,TRUE,,15,145,166,2,,,,,,
gt.recipe.shredder,Gregtech 6,gregtech:gt.multitileentity:20011,,gregapi_post,TRUE,,15,145,166,2,,,,,,
gt.recipe.sifter,Gregtech 6,gregtech:gt.multitileentity:20051,,gregapi_post,TRUE,,15,145,166,2,,,,,,
gt.recipe.slicer,Gregtech 6,gregtech:gt.multitileentity:20381,,gregapi_post,TRUE,,15,145,166,2,,,,,,
gt.recipe.sluice,Gregtech 6,gregtech:gt.multitileentity:20291,,gregapi_post,TRUE,,15,145,166,2,,,,,,
gt.recipe.smelter,Gregtech 6,gregtech:gt.multitileentity:20241,,gregapi_post,TRUE,,15,145,166,2,,,,,,
gt.recipe.squeezer,Gregtech 6,gregtech:gt.multitileentity:20071,,gregapi_post,TRUE,,15,145,166,2,,,,,,
gt.recipe.steamcracking,Gregtech 6,gregtech:gt.multitileentity:20491,,gregapi_post,TRUE,,15,145,166,2,,,,,,
gt.recipe.toolhead,Gregtech 6,gregtech:gt.meta.toolHeadPickaxe:260,,gregapi_post,TRUE,,15,145,166,2,,,,,,
gt.recipe.unboxinator,Gregtech 6,gregtech:gt.multitileentity:20591,,gregapi_post,TRUE,,15,145,166,2,,,,,,
gt.recipe.welder,Gregtech 6,gregtech:gt.multitileentity:20331,,gregapi_post,TRUE,,15,145,166,2,,,,,,
gt.recipe.well,Gregtech 6,gregtech:gt.multitileentity:17124,,gregapi_post,TRUE,,15,145,166,2,,,,,,
gt.recipe.wiremill,Gregtech 6,gregtech:gt.multitileentity:20151,,gregapi_post,TRUE,,15,145,166,2,,,,,,
mc.recipe.smelting,Gregtech 6,gregtech:gt.multitileentity:20001,,gregapi_post,TRUE,,15,145,166,2,,,,,,
gt.recipe.trees,Gregtech 6,minecraft:sapling,,gregapi_post,TRUE,,15,145,166,2,,,,,,
com.jaquadro.minecraft.storagedrawers.integration.notenoughitems.UpgradeItemRecipeHandler,Storage Drawers,minecraft:crafting_table,,StorageDrawers,TRUE,,,65,166,5,,,,,,
ieArcFurnace,Immersive Engineering,ImmersiveEngineering:graphiteElectrode,,ImmersiveEngineering,TRUE,,,65,166,5,,,,,,
NEIArcFurnaceHandlerAlloying,Immersive Engineering,terrafirmacraftplus:item.Bronze Ingot,,ImmersiveEngineering,TRUE,,,65,166,5,,,,,,
NEIArcFurnaceHandlerOres,Immersive Engineering,minecraft:iron_ore,,ImmersiveEngineering,TRUE,,,65,166,5,,,,,,
NEIArcFurnaceHandlerSmelting,Immersive Engineering,terrafirmacraftplus:item.Ore:100,,ImmersiveEngineering,TRUE,,,65,166,5,,,,,,
NEIArcFurnaceHandlerGlassworking,Immersive Engineering,minecraft:glass,,ImmersiveEngineering,TRUE,,,65,166,5,,,,,,
NEIArcFurnaceHandlerDecarburization,Immersive Engineering,terrafirmacraftplus:item.Wrought Iron Ingot,,ImmersiveEngineering,TRUE,,,65,166,5,,,,,,
NEIArcFurnaceHandlerCarburization,Immersive Engineering,terrafirmacraftplus:item.HC Steel Ingot,,ImmersiveEngineering,TRUE,,,65,166,5,,,,,,
NEIArcFurnaceHandlerHeating,Immersive Engineering,,,ImmersiveEngineering,TRUE,,,65,166,5,nei:textures/nei_tabbed_sprites.png,80,0,14,14,
NEIArcFurnaceHandlerMelting,Immersive Engineering,terrafirmacraftplus:item.Molten Glass,,ImmersiveEngineering,TRUE,,,65,166,5,,,,,,
NEIArcFurnaceHandlerWelding,Immersive Engineering,terrafirmacraftplus:item.Bismuth Double Ingot,,ImmersiveEngineering,TRUE,,,65,166,5,,,,,,
NEIArcFurnaceHandlerElectrolysis,Immersive Engineering,teloaddon:Alumina,,ImmersiveEngineering,TRUE,,,65,166,5,,,,,,
NEIArcFurnaceHandlerCarrot Ingot,Immersive Engineering,terrafirmacraftplus:item.Carrot,,ImmersiveEngineering,TRUE,,,65,166,5,,,,,,
NEIArcFurnaceHandlerExtraction,Immersive Engineering,minecraft:glowstone_dust,,ImmersiveEngineering,TRUE,,,65,166,5,,,,,,
blusunrize.immersiveengineering.client.nei.NEIShaderBagHandler,Immersive Engineering,ImmersiveEngineering:shaderBag,,ImmersiveEngineering,TRUE,,,65,166,5,,,,,,
blusunrize.immersiveengineering.client.nei.NEIBlueprintHandler,Immersive Engineering,ImmersiveEngineering:blueprint,,ImmersiveEngineering,TRUE,,,65,166,5,,,,,,
blusunrize.immersiveengineering.client.nei.NEICokeOvenHandler,Immersive Engineering,ImmersiveEngineering:stoneDecoration:1,,ImmersiveEngineering,TRUE,,,71,166,5,,,,,,
blusunrize.immersiveengineering.client.nei.NEIBlastFurnaceHandler,Immersive Engineering,ImmersiveEngineering:stoneDecoration:2,,ImmersiveEngineering,TRUE,,,71,166,5,,,,,,
blusunrize.immersiveengineering.client.nei.NEISqueezerHandler,Immersive Engineering,ImmersiveEngineering:metalMultiblock:2,,ImmersiveEngineering,TRUE,,,71,166,5,,,,,,
blusunrize.immersiveengineering.client.nei.NEIFermenterHandler,Immersive Engineering,ImmersiveEngineering:metalMultiblock:3,,ImmersiveEngineering,TRUE,,,71,166,5,,,,,,
blusunrize.immersiveengineering.client.nei.NEIRefineryHandler,Immersive Engineering,ImmersiveEngineering:metalDevice2:5,,ImmersiveEngineering,TRUE,,,65,166,5,,,,,,
blusunrize.immersiveengineering.client.nei.NEIBottlingMachineHandler,Immersive Engineering,minecraft:glass_bottle,,ImmersiveEngineering,TRUE,,,65,166,5,,,,,,
blusunrize.immersiveengineering.client.nei.NEIMetalPressHandler,Immersive Engineering,ImmersiveEngineering:mold,,ImmersiveEngineering,TRUE,,,65,166,5,,,,,,
blusunrize.immersiveengineering.client.nei.NEICrusherHandler,Immersive Engineering,minecraft:hopper,,ImmersiveEngineering,TRUE,,,71,166,5,,,,,,
net.dries007.tfcnei.recipeHandlers.AnvilRecipeHandler,TerraFirmaCraft+,terrafirmacraftplus:Anvil,,terrafirmacraftplus,TRUE,,10,138,208,2,,,,,,
net.dries007.tfcnei.recipeHandlers.QuernRecipeHandler,TerraFirmaCraft+,terrafirmacraftplus:item.Quern,,terrafirmacraftplus,TRUE,,,65,166,5,,,,,,
net.dries007.tfcnei.recipeHandlers.KilnRecipeHandler,TerraFirmaCraft+,,,terrafirmacraftplus,TRUE,,,65,166,5,terrafirmacraftneiplugin:textures/gui/pitkiln.png,47,38,14,14,
net.dries007.tfcnei.recipeHandlers.LoomRecipeHandler,TerraFirmaCraft+,terrafirmacraftplus:Loom,,terrafirmacraftplus,TRUE,,,65,166,5,,,,,,
net.dries007.tfcnei.recipeHandlers.KnappingRecipeHandler,TerraFirmaCraft+,terrafirmacraftplus:item.LooseRock,,terrafirmacraftplus,TRUE,,,96,166,3,,,,,,
net.dries007.tfcnei.recipeHandlers.ClothingRecipeHandler,TerraFirmaCraft+,terrafirmacraftplus:item.Bone Needle Thread,,terrafirmacraftplus,TRUE,,,65,166,5,,,,,,
net.dries007.tfcnei.recipeHandlers.BarrelRecipeHandler,TerraFirmaCraft+,terrafirmacraftplus:Barrel,,terrafirmacraftplus,TRUE,,,65,166,5,,,,,,
net.dries007.tfcnei.recipeHandlers.AlloyRecipeHandler,TerraFirmaCraft+,terrafirmacraftplus:Crucible,,terrafirmacraftplus,TRUE,,,65,166,5,,,,,,
net.dries007.tfcnei.recipeHandlers.HeatRecipeHandler,TerraFirmaCraft+,terrafirmacraftplus:Firepit,,terrafirmacraftplus,TRUE,,,65,166,5,,,,,,
